{
  "shape": [
    55138,
    3
  ],
  "columns": [
    "title",
    "text",
    "label"
  ],
  "missing_values": {
    "title": 0,
    "text": 0,
    "label": 0
  },
  "duplicates_removed": 5806,
  "label_distribution": {
    "0": 26943,
    "1": 22389
  },
  "text_statistics": {
    "text_length": {
      "count": 49332.0,
      "mean": 1946.8607597502635,
      "std": 1969.6471382647367,
      "min": 1.0,
      "25%": 371.0,
      "50%": 1828.0,
      "75%": 2765.0,
      "max": 51794.0
    },
    "word_count": {
      "count": 49332.0,
      "mean": 319.6402740614611,
      "std": 320.1030988357361,
      "min": 0.0,
      "25%": 60.0,
      "50%": 304.0,
      "75%": 456.0,
      "max": 8135.0
    },
    "sentence_count": {
      "count": 49332.0,
      "mean": 17.605833941457878,
      "std": 18.200582510614396,
      "min": 0.0,
      "25%": 3.0,
      "50%": 15.0,
      "75%": 25.0,
      "max": 774.0
    }
  },
  "text_length_skewness": 4.4237453057179765,
  "outlier_count": 972,
  "vocab_size": 122996,
  "lexical_diversity": 0.007602710707944176,
  "top_tfidf_words": [
    [
      "trump",
      2759.5784240489934
    ],
    [
      "said",
      2191.488601598183
    ],
    [
      "president",
      1201.777287037662
    ],
    [
      "people",
      944.58552324566
    ],
    [
      "state",
      915.55725208581
    ],
    [
      "obama",
      882.3938726534861
    ],
    [
      "clinton",
      839.3759146060374
    ],
    [
      "says",
      803.6628326939685
    ],
    [
      "reuters",
      792.5946176447789
    ],
    [
      "house",
      788.9188674142446
    ],
    [
      "republican",
      739.5901682942675
    ],
    [
      "new",
      738.97235510437
    ],
    [
      "states",
      727.112000577097
    ],
    [
      "donald",
      726.8315238680693
    ],
    [
      "government",
      725.0768782644225
    ],
    [
      "percent",
      702.3933883460593
    ],
    [
      "united",
      665.2822504753334
    ],
    [
      "year",
      662.8945802446132
    ],
    [
      "white",
      651.5126213493317
    ],
    [
      "just",
      613.7262304709263
    ]
  ]
}